Key,Value
B,0.7058439448343695
D,0.5395103690034995
D,0.7063923488503716
E,0.7168241503220532
